label,annotation_id,annotator,created_at,updated_at,lead_time,image,id
[{"x": 21.68021680216802, "y": 13.821138211382113, "width": 66.12466124661246, "height": 80, "rotation": 0, "rectanglelabels": ["banana"], "original_width": 3024, "original_height": 4032}],4,1,2023-03-13T15:32:18.964434Z,2023-03-13T15:32:18.964434Z,83.531,/data/upload/5/87da108d-20230228_172559.jpg,1
[{"x": 3.2520325203252027, "y": 16.910569105691057, "width": 96.7479674796748, "height": 58.53658536585366, "rotation": 0, "rectanglelabels": ["banana"], "original_width": 3024, "original_height": 4032}],5,1,2023-03-13T15:32:54.198558Z,2023-03-13T15:32:54.198558Z,9.032,/data/upload/5/154faf30-20230228_172606.jpg,2
[{"x": 13.875338753387533, "y": 8.455284552845528, "width": 79.13279132791327, "height": 84.71544715447155, "rotation": 0, "rectanglelabels": ["banana"], "original_width": 3024, "original_height": 4032}],6,1,2023-03-13T15:33:06.843687Z,2023-03-13T15:33:06.843687Z,10.144,/data/upload/5/3816d6c8-20230228_172612.jpg,3
[{"x": 0.8672086720867208, "y": 15.121951219512194, "width": 99.13279132791328, "height": 47.642276422764226, "rotation": 0, "rectanglelabels": ["banana"], "original_width": 3024, "original_height": 4032}],7,1,2023-03-13T15:35:12.088800Z,2023-03-13T15:35:12.088800Z,8.616,/data/upload/5/f64b200e-20230228_173103.jpg,4
[{"x": 21.68021680216802, "y": 13.170731707317076, "width": 61.138211382113816, "height": 80.48780487804879, "rotation": 0, "rectanglelabels": ["banana"], "original_width": 3024, "original_height": 4032}],8,1,2023-03-13T15:35:19.800471Z,2023-03-13T15:35:19.801471Z,5.981,/data/upload/5/3888d889-20230228_173109.jpg,5
[{"x": 6.5040650406504055, "y": 7.317073170731708, "width": 74.3631436314363, "height": 85.85365853658537, "rotation": 0, "rectanglelabels": ["banana"], "original_width": 3024, "original_height": 4032}],9,1,2023-03-13T15:35:26.412489Z,2023-03-13T15:35:26.412489Z,5.432,/data/upload/5/a187d125-20230228_173117.jpg,6
[{"x": 2.8184281842818426, "y": 14.796747967479678, "width": 97.12737127371273, "height": 55.447154471544714, "rotation": 0, "rectanglelabels": ["banana"], "original_width": 3024, "original_height": 4032}],10,1,2023-03-13T15:35:36.137251Z,2023-03-13T15:35:36.137251Z,8.166,/data/upload/5/52dbd1e9-20230228_173130.jpg,7
[{"x": 19.29539295392954, "y": 5.040650406504065, "width": 71.76151761517615, "height": 83.08943089430895, "rotation": 0, "rectanglelabels": ["banana"], "original_width": 3024, "original_height": 4032}],11,1,2023-03-13T15:35:43.846195Z,2023-03-13T15:35:43.846195Z,5.131,/data/upload/5/e7db8270-20230228_173136.jpg,8
[{"x": 3.0352303523035227, "y": 22.92682926829269, "width": 96.96476964769649, "height": 54.63414634146341, "rotation": 0, "rectanglelabels": ["banana"], "original_width": 3024, "original_height": 4032}],12,1,2023-03-13T15:35:53.870927Z,2023-03-13T15:35:53.870927Z,7.172,/data/upload/5/5a55637b-20230228_173144.jpg,9
[{"x": 0.2168021680216802, "y": 10.569105691056913, "width": 98.21138211382112, "height": 73.33333333333333, "rotation": 0, "rectanglelabels": ["banana"], "original_width": 3024, "original_height": 4032}],13,1,2023-03-13T15:36:05.759241Z,2023-03-13T15:36:05.759241Z,9.621,/data/upload/5/aa0fa3c6-20230228_173247.jpg,10
[{"x": 1.084010840108401, "y": 12.520325203252035, "width": 98.64498644986449, "height": 78.21138211382113, "rotation": 0, "rectanglelabels": ["banana"], "original_width": 3024, "original_height": 4032}],14,1,2023-03-13T15:36:17.996961Z,2023-03-13T15:36:17.996961Z,9.96,/data/upload/5/59d6949c-20230228_173257.jpg,11
[{"x": 1.300813008130081, "y": 19.51219512195122, "width": 97.77777777777774, "height": 44.71544715447153, "rotation": 0, "rectanglelabels": ["banana"], "original_width": 3024, "original_height": 4032}],15,1,2023-03-13T15:36:37.855934Z,2023-03-13T15:36:37.855934Z,16.954,/data/upload/5/be81cc20-20230228_173305.jpg,12
[{"x": 1.7344173441734416, "y": 9.75609756097561, "width": 79.13279132791327, "height": 78.3739837398374, "rotation": 0, "rectanglelabels": ["banana"], "original_width": 3024, "original_height": 4032}],16,1,2023-03-13T15:36:56.056234Z,2023-03-13T15:36:56.056234Z,14.895,/data/upload/5/a594cb80-20230228_173332.jpg,13
[{"x": 2.168021680216802, "y": 24.065040650406505, "width": 96.260162601626, "height": 64.39024390243902, "rotation": 0, "rectanglelabels": ["banana"], "original_width": 3024, "original_height": 4032}],17,1,2023-03-13T15:37:08.434626Z,2023-03-13T15:37:08.434626Z,8.725,/data/upload/5/d1261f95-20230228_173336.jpg,14
[{"x": 1.7344173441734416, "y": 9.43089430894309, "width": 97.56097560975608, "height": 61.78861788617886, "rotation": 0, "rectanglelabels": ["banana"], "original_width": 3024, "original_height": 4032}],18,1,2023-03-13T15:37:33.988133Z,2023-03-13T15:37:33.988133Z,15.66,/data/upload/5/11d8c166-20230228_173346.jpg,15
[{"x": 26.66666666666666, "y": 22.764227642276417, "width": 36.42276422764227, "height": 20.8130081300813, "rotation": 0, "rectanglelabels": ["blackberry"], "original_width": 3024, "original_height": 4032}],19,1,2023-03-13T15:37:44.930329Z,2023-03-13T15:37:44.930329Z,8.648,/data/upload/5/6ee4b689-20230228_190901.jpg,16
[{"x": 32.73712737127371, "y": 33.983739837398375, "width": 37.073170731707314, "height": 24.390243902439025, "rotation": 0, "rectanglelabels": ["blackberry"], "original_width": 3024, "original_height": 4032}],20,1,2023-03-13T15:37:54.683141Z,2023-03-13T15:37:54.683141Z,6.778,/data/upload/5/e9bedde6-20230228_190905.jpg,17
[{"x": 32.73712737127371, "y": 25.85365853658537, "width": 34.25474254742548, "height": 18.69918699186992, "rotation": 0, "rectanglelabels": ["blackberry"], "original_width": 3024, "original_height": 4032}],21,1,2023-03-13T15:38:04.934841Z,2023-03-13T15:38:04.934841Z,7.289,/data/upload/5/76aec4c6-20230228_190907.jpg,18
[{"x": 36.639566395663955, "y": 24.878048780487806, "width": 28.184281842818425, "height": 25.52845528455285, "rotation": 0, "rectanglelabels": ["blackberry"], "original_width": 3024, "original_height": 4032}],22,1,2023-03-13T15:38:18.819195Z,2023-03-13T15:38:18.819195Z,10.688,/data/upload/5/b23bec7b-20230228_190926.jpg,19
[{"x": 36.639566395663955, "y": 35.609756097560975, "width": 30.569105691056908, "height": 22.764227642276417, "rotation": 0, "rectanglelabels": ["blackberry"], "original_width": 3024, "original_height": 4032}],23,1,2023-03-13T15:38:30.823201Z,2023-03-13T15:38:30.823201Z,9.156,/data/upload/5/35a20af8-20230228_190930.jpg,20
[{"x": 22.54742547425474, "y": 33.983739837398375, "width": 33.17073170731706, "height": 23.902439024390244, "rotation": 0, "rectanglelabels": ["blackberry"], "original_width": 3024, "original_height": 4032}],24,1,2023-03-13T15:38:44.580462Z,2023-03-13T15:38:44.580462Z,10.597,/data/upload/5/aad7ad4d-20230228_190935.jpg,21
[{"x": 36.639566395663955, "y": 19.67479674796748, "width": 34.25474254742548, "height": 21.30081300813008, "rotation": 0, "rectanglelabels": ["blackberry"], "original_width": 3024, "original_height": 4032}],25,1,2023-03-13T15:39:01.163620Z,2023-03-13T15:39:01.163620Z,14.644,/data/upload/5/654ab1c7-20230228_190940.jpg,22
[{"x": 31.653116531165317, "y": 34.146341463414636, "width": 38.59078590785908, "height": 21.463414634146343, "rotation": 0, "rectanglelabels": ["blackberry"], "original_width": 3024, "original_height": 4032}],26,1,2023-03-13T15:39:09.134966Z,2023-03-13T15:39:09.134966Z,5.895,/data/upload/5/a513b9ea-20230228_190943.jpg,23
[{"x": 36.2059620596206, "y": 26.666666666666668, "width": 33.82113821138212, "height": 19.51219512195122, "rotation": 0, "rectanglelabels": ["blackberry"], "original_width": 3024, "original_height": 4032}],27,1,2023-03-13T15:39:17.032827Z,2023-03-13T15:39:17.032827Z,5.579,/data/upload/5/5933ba15-20230228_190946.jpg,24
[{"x": 40.108401084010836, "y": 27.15447154471545, "width": 27.533875338753383, "height": 21.138211382113827, "rotation": 0, "rectanglelabels": ["blackberry"], "original_width": 3024, "original_height": 4032}],29,1,2023-03-13T15:39:45.226859Z,2023-03-13T15:39:45.226859Z,11.043,/data/upload/5/b94f927b-20230228_190950.jpg,25
[{"x": 29.051490514905147, "y": 27.15447154471545, "width": 32.73712737127371, "height": 21.30081300813008, "rotation": 0, "rectanglelabels": ["blackberry"], "original_width": 3024, "original_height": 4032}],30,1,2023-03-13T15:39:55.387168Z,2023-03-13T15:39:55.387168Z,6.603,/data/upload/5/25a21e13-20230228_190955.jpg,26
[{"x": 16.69376693766937, "y": 28.617886178861788, "width": 30.135501355013545, "height": 18.69918699186992, "rotation": 0, "rectanglelabels": ["blackberry"], "original_width": 3024, "original_height": 4032}, {"x": 57.23577235772357, "y": 37.886178861788615, "width": 26.66666666666666, "height": 17.398373983739837, "rotation": 0, "rectanglelabels": ["blackberry"], "original_width": 3024, "original_height": 4032}],31,1,2023-03-13T15:40:11.221139Z,2023-03-13T15:40:11.221139Z,13.639,/data/upload/5/9f1facd8-20230228_191013.jpg,27
[{"x": 20.162601626016258, "y": 31.056910569105693, "width": 26.449864498644978, "height": 20.16260162601626, "rotation": 0, "rectanglelabels": ["blackberry"], "original_width": 3024, "original_height": 4032}, {"x": 65.90785907859077, "y": 37.39837398373984, "width": 23.63143631436314, "height": 15.284552845528456, "rotation": 0, "rectanglelabels": ["blackberry"], "original_width": 3024, "original_height": 4032}],32,1,2023-03-13T15:40:28.431143Z,2023-03-13T15:40:28.431143Z,13.014,/data/upload/5/6ca847c3-20230228_191019.jpg,28
[{"x": 13.658536585365852, "y": 32.19512195121951, "width": 29.918699186991866, "height": 20.48780487804878, "rotation": 0, "rectanglelabels": ["blackberry"], "original_width": 3024, "original_height": 4032}, {"x": 72.62872628726286, "y": 33.00813008130081, "width": 23.848238482384822, "height": 16.097560975609756, "rotation": 0, "rectanglelabels": ["blackberry"], "original_width": 3024, "original_height": 4032}],33,1,2023-03-13T15:40:42.060032Z,2023-03-13T15:40:42.060032Z,11.446,/data/upload/5/2bb8f8e0-20230228_191021.jpg,29
[{"x": 5.203252032520324, "y": 35.9349593495935, "width": 27.317073170731703, "height": 20.8130081300813, "rotation": 0, "rectanglelabels": ["blackberry"], "original_width": 3024, "original_height": 4032}, {"x": 59.62059620596205, "y": 35.28455284552845, "width": 23.41463414634146, "height": 18.048780487804876, "rotation": 0, "rectanglelabels": ["blackberry"], "original_width": 3024, "original_height": 4032}],34,1,2023-03-13T15:41:05.402068Z,2023-03-13T15:41:05.402068Z,20.768,/data/upload/5/c521fb32-20230228_191024.jpg,30
[{"x": 8.672086720867208, "y": 28.943089430894307, "width": 25.1490514905149, "height": 26.5040650406504, "rotation": 0, "rectanglelabels": ["blackberry"], "original_width": 3024, "original_height": 4032}, {"x": 67.42547425474254, "y": 32.52032520325203, "width": 24.0650406504065, "height": 17.073170731707318, "rotation": 0, "rectanglelabels": ["blackberry"], "original_width": 3024, "original_height": 4032}],35,1,2023-03-13T15:41:22.197671Z,2023-03-13T15:41:22.197671Z,13.641,/data/upload/5/ed8c8679-20230228_191031.jpg,31
[{"x": 14.525745257452574, "y": 28.943089430894307, "width": 22.9810298102981, "height": 21.138211382113827, "rotation": 0, "rectanglelabels": ["blackberry"], "original_width": 3024, "original_height": 4032}, {"x": 57.88617886178861, "y": 36.58536585365854, "width": 21.68021680216802, "height": 17.88617886178862, "rotation": 0, "rectanglelabels": ["blackberry"], "original_width": 3024, "original_height": 4032}],36,1,2023-03-13T15:41:39.330752Z,2023-03-13T15:41:39.330752Z,14.399,/data/upload/5/eceb78da-20230228_191035.jpg,32
[{"x": 12.14092140921409, "y": 32.84552845528455, "width": 23.63143631436314, "height": 21.138211382113827, "rotation": 0, "rectanglelabels": ["blackberry"], "original_width": 3024, "original_height": 4032}, {"x": 70.89430894308944, "y": 34.63414634146341, "width": 19.512195121951216, "height": 18.048780487804876, "rotation": 0, "rectanglelabels": ["blackberry"], "original_width": 3024, "original_height": 4032}],37,1,2023-03-13T15:41:55.075095Z,2023-03-13T15:41:55.075095Z,12.786,/data/upload/5/f110c923-20230228_191039.jpg,33
[{"x": 6.720867208672086, "y": 30.40650406504065, "width": 23.19783197831978, "height": 23.577235772357724, "rotation": 0, "rectanglelabels": ["blackberry"], "original_width": 3024, "original_height": 4032}, {"x": 67.64227642276424, "y": 39.83739837398374, "width": 24.28184281842818, "height": 18.536585365853657, "rotation": 0, "rectanglelabels": ["blackberry"], "original_width": 3024, "original_height": 4032}],38,1,2023-03-13T15:42:09.043308Z,2023-03-13T15:42:09.043308Z,9.382,/data/upload/5/569adf3f-20230228_191045.jpg,34
[{"x": 19.72899728997289, "y": 30.56910569105691, "width": 22.33062330623306, "height": 16.097560975609756, "rotation": 0, "rectanglelabels": ["blackberry"], "original_width": 3024, "original_height": 4032}, {"x": 71.1111111111111, "y": 36.7479674796748, "width": 23.848238482384822, "height": 17.88617886178862, "rotation": 0, "rectanglelabels": ["blackberry"], "original_width": 3024, "original_height": 4032}],39,1,2023-03-13T15:42:19.386424Z,2023-03-13T15:42:19.386424Z,8.297,/data/upload/5/67d953b1-20230228_191049.jpg,35
[{"x": 22.76422764227642, "y": 36.260162601626014, "width": 23.41463414634146, "height": 26.341463414634152, "rotation": 0, "rectanglelabels": ["blackberry"], "original_width": 3024, "original_height": 4032}, {"x": 56.36856368563685, "y": 33.170731707317074, "width": 20.379403794037938, "height": 17.560975609756095, "rotation": 0, "rectanglelabels": ["blackberry"], "original_width": 3024, "original_height": 4032}],40,1,2023-03-13T15:42:33.446495Z,2023-03-13T15:42:33.446495Z,11.501,/data/upload/5/9c7b80a3-20230228_191105.jpg,36
[{"x": 40.758807588075875, "y": 33.170731707317074, "width": 21.46341463414634, "height": 16.260162601626014, "rotation": 0, "rectanglelabels": ["blueberry"], "original_width": 3024, "original_height": 4032}],41,1,2023-03-13T15:42:46.754982Z,2023-03-13T15:42:46.754982Z,11.5,/data/upload/5/a170953c-20230228_191239.jpg,37
[{"x": 36.639566395663955, "y": 31.54471544715447, "width": 21.68021680216802, "height": 14.14634146341463, "rotation": 0, "rectanglelabels": ["blueberry"], "original_width": 3024, "original_height": 4032}],42,1,2023-03-13T15:42:59.361192Z,2023-03-13T15:42:59.361192Z,10.806,/data/upload/5/6e1519b0-20230228_191243.jpg,38
[{"x": 37.506775067750674, "y": 33.4959349593496, "width": 22.9810298102981, "height": 16.097560975609756, "rotation": 0, "rectanglelabels": ["blueberry"], "original_width": 3024, "original_height": 4032}],43,1,2023-03-13T15:43:07.099126Z,2023-03-13T15:43:07.099126Z,5.535,/data/upload/5/7e92ccc5-20230228_191246.jpg,39
[{"x": 41.409214092140914, "y": 32.03252032520325, "width": 22.54742547425474, "height": 16.422764227642276, "rotation": 0, "rectanglelabels": ["blueberry"], "original_width": 3024, "original_height": 4032}],44,1,2023-03-13T15:43:14.346882Z,2023-03-13T15:43:14.346882Z,5.072,/data/upload/5/07b5a36c-20230228_191249.jpg,40
[{"x": 43.7940379403794, "y": 29.91869918699187, "width": 21.8970189701897, "height": 17.72357723577236, "rotation": 0, "rectanglelabels": ["blueberry"], "original_width": 3024, "original_height": 4032}],45,1,2023-03-13T15:43:21.923059Z,2023-03-13T15:43:21.923059Z,6.147,/data/upload/5/ab566cd7-20230228_191256.jpg,41
[{"x": 39.24119241192412, "y": 32.03252032520325, "width": 22.76422764227642, "height": 17.235772357723576, "rotation": 0, "rectanglelabels": ["blueberry"], "original_width": 3024, "original_height": 4032}],46,1,2023-03-13T15:43:29.170272Z,2023-03-13T15:43:29.170272Z,4.95,/data/upload/5/9de9660d-20230228_191259.jpg,42
[{"x": 38.80758807588076, "y": 35.77235772357724, "width": 21.24661246612466, "height": 17.073170731707318, "rotation": 0, "rectanglelabels": ["blueberry"], "original_width": 3024, "original_height": 4032}],47,1,2023-03-13T15:43:35.177548Z,2023-03-13T15:43:35.177548Z,4.079,/data/upload/5/bf044fd0-20230228_191301.jpg,43
[{"x": 37.506775067750674, "y": 36.09756097560975, "width": 22.76422764227642, "height": 15.934959349593496, "rotation": 0, "rectanglelabels": ["blueberry"], "original_width": 3024, "original_height": 4032}],48,1,2023-03-13T15:43:41.520008Z,2023-03-13T15:43:41.520008Z,4.757,/data/upload/5/ec36b02a-20230228_191304_1.jpg,44
[{"x": 38.15718157181571, "y": 35.609756097560975, "width": 21.24661246612466, "height": 16.260162601626014, "rotation": 0, "rectanglelabels": ["blueberry"], "original_width": 3024, "original_height": 4032}],49,1,2023-03-13T15:43:49.653033Z,2023-03-13T15:43:49.653033Z,5.915,/data/upload/5/a3c608fd-20230228_191304.jpg,45
[{"x": 35.33875338753387, "y": 30.73170731707317, "width": 21.46341463414634, "height": 16.7479674796748, "rotation": 0, "rectanglelabels": ["blueberry"], "original_width": 3024, "original_height": 4032}],50,1,2023-03-13T15:43:57.528600Z,2023-03-13T15:43:57.528600Z,5.397,/data/upload/5/7fbc6c7b-20230228_191318.jpg,46
[{"x": 37.506775067750674, "y": 34.146341463414636, "width": 19.72899728997289, "height": 13.821138211382113, "rotation": 0, "rectanglelabels": ["blueberry"], "original_width": 3024, "original_height": 4032}],51,1,2023-03-13T15:44:07.915277Z,2023-03-13T15:44:07.915277Z,4.79,/data/upload/5/9f1ad1a2-20230228_191321.jpg,47
[{"x": 34.47154471544715, "y": 40.16260162601626, "width": 22.54742547425474, "height": 15.447154471544716, "rotation": 0, "rectanglelabels": ["blueberry"], "original_width": 3024, "original_height": 4032}],52,1,2023-03-13T15:44:14.848792Z,2023-03-13T15:44:14.848792Z,4.93,/data/upload/5/bcf25a4c-20230228_191324.jpg,48
[{"x": 37.506775067750674, "y": 31.056910569105693, "width": 18.644986449864493, "height": 16.260162601626014, "rotation": 0, "rectanglelabels": ["blueberry"], "original_width": 3024, "original_height": 4032}],53,1,2023-03-13T15:44:26.568941Z,2023-03-13T15:44:26.568941Z,9.952,/data/upload/5/41d21a39-20230228_191329.jpg,49
[{"x": 35.55555555555555, "y": 36.422764227642276, "width": 21.8970189701897, "height": 14.634146341463415, "rotation": 0, "rectanglelabels": ["blueberry"], "original_width": 3024, "original_height": 4032}],54,1,2023-03-13T15:44:41.054249Z,2023-03-13T15:44:41.054249Z,12.613,/data/upload/5/63955d75-20230228_191334.jpg,50
[{"x": 33.82113821138212, "y": 42.276422764227654, "width": 23.63143631436314, "height": 15.447154471544716, "rotation": 0, "rectanglelabels": ["blueberry"], "original_width": 3024, "original_height": 4032}],55,1,2023-03-13T15:44:48.966083Z,2023-03-13T15:44:48.966083Z,6.005,/data/upload/5/64abd839-20230228_191337.jpg,51
[{"x": 37.28997289972899, "y": 40.97560975609756, "width": 20.813008130081297, "height": 17.88617886178862, "rotation": 0, "rectanglelabels": ["blueberry"], "original_width": 3024, "original_height": 4032}],56,1,2023-03-13T15:44:55.898757Z,2023-03-13T15:44:55.898757Z,5.236,/data/upload/5/d3820c90-20230228_191339.jpg,52
[{"x": 40.758807588075875, "y": 39.02439024390244, "width": 22.113821138211378, "height": 17.073170731707318, "rotation": 0, "rectanglelabels": ["blueberry"], "original_width": 3024, "original_height": 4032}],57,1,2023-03-13T15:45:03.660569Z,2023-03-13T15:45:03.660569Z,5.384,/data/upload/5/d3747c0b-20230228_191342.jpg,53
[{"x": 36.2059620596206, "y": 40.8130081300813, "width": 23.848238482384822, "height": 17.560975609756095, "rotation": 0, "rectanglelabels": ["blueberry"], "original_width": 3024, "original_height": 4032}],58,1,2023-03-13T15:45:10.847147Z,2023-03-13T15:45:10.847147Z,5.345,/data/upload/5/4c82e5bc-20230228_191344.jpg,54
[{"x": 32.08672086720867, "y": 41.6260162601626, "width": 23.63143631436314, "height": 18.86178861788618, "rotation": 0, "rectanglelabels": ["blueberry"], "original_width": 3024, "original_height": 4032}],59,1,2023-03-13T15:45:17.288050Z,2023-03-13T15:45:17.288050Z,4.118,/data/upload/5/64096aa1-20230228_191347.jpg,55
[{"x": 10.62330623306233, "y": 35.12195121951219, "width": 20.813008130081297, "height": 14.471544715447154, "rotation": 0, "rectanglelabels": ["blueberry"], "original_width": 3024, "original_height": 4032}, {"x": 62.655826558265574, "y": 36.91056910569105, "width": 16.043360433604335, "height": 14.471544715447154, "rotation": 0, "rectanglelabels": ["blueberry"], "original_width": 3024, "original_height": 4032}],60,1,2023-03-13T15:45:37.018207Z,2023-03-13T15:45:37.018207Z,17.596,/data/upload/5/1f99b836-20230228_191413.jpg,56
[{"x": 10.406504065040648, "y": 35.44715447154472, "width": 20.162601626016258, "height": 13.821138211382113, "rotation": 0, "rectanglelabels": ["blueberry"], "original_width": 3024, "original_height": 4032}, {"x": 53.76693766937669, "y": 37.073170731707314, "width": 16.91056910569106, "height": 12.845528455284553, "rotation": 0, "rectanglelabels": ["blueberry"], "original_width": 3024, "original_height": 4032}],61,1,2023-03-13T15:45:48.974566Z,2023-03-13T15:45:48.974566Z,9.568,/data/upload/5/fa53f55c-20230228_191418.jpg,57
[{"x": 10.406504065040648, "y": 36.260162601626014, "width": 19.72899728997289, "height": 15.447154471544716, "rotation": 0, "rectanglelabels": ["blueberry"], "original_width": 3024, "original_height": 4032}, {"x": 50.94850948509484, "y": 38.3739837398374, "width": 15.176151761517612, "height": 12.357723577235772, "rotation": 0, "rectanglelabels": ["blueberry"], "original_width": 3024, "original_height": 4032}],62,1,2023-03-13T15:45:59.047424Z,2023-03-13T15:45:59.047424Z,8.312,/data/upload/5/d9b3b1a5-20230228_191420.jpg,58
[{"x": 27.100271002710024, "y": 39.83739837398374, "width": 19.29539295392954, "height": 14.634146341463415, "rotation": 0, "rectanglelabels": ["blueberry"], "original_width": 3024, "original_height": 4032}, {"x": 59.62059620596205, "y": 42.76422764227641, "width": 15.176151761517612, "height": 13.008130081300816, "rotation": 0, "rectanglelabels": ["blueberry"], "original_width": 3024, "original_height": 4032}],63,1,2023-03-13T15:46:08.880916Z,2023-03-13T15:46:08.880916Z,8.221,/data/upload/5/dc75c132-20230228_191429.jpg,59
[{"x": 14.959349593495933, "y": 23.41463414634147, "width": 26.66666666666666, "height": 18.69918699186992, "rotation": 0, "rectanglelabels": ["blueberry"], "original_width": 3024, "original_height": 4032}, {"x": 59.18699186991869, "y": 28.617886178861788, "width": 19.72899728997289, "height": 14.308943089430894, "rotation": 0, "rectanglelabels": ["blueberry"], "original_width": 3024, "original_height": 4032}],64,1,2023-03-13T15:46:21.512072Z,2023-03-13T15:46:21.512072Z,9.98,/data/upload/5/162f4199-20230228_191433.jpg,60
[{"x": 14.742547425474253, "y": 28.617886178861788, "width": 25.582655826558266, "height": 17.398373983739837, "rotation": 0, "rectanglelabels": ["blueberry"], "original_width": 3024, "original_height": 4032}, {"x": 59.83739837398373, "y": 29.75609756097561, "width": 20.596205962059617, "height": 16.260162601626014, "rotation": 0, "rectanglelabels": ["blueberry"], "original_width": 3024, "original_height": 4032}],65,1,2023-03-13T15:46:31.415380Z,2023-03-13T15:46:31.415380Z,7.569,/data/upload/5/cc63bbb2-20230228_191441.jpg,61
[{"x": 18.644986449864493, "y": 39.34959349593496, "width": 21.46341463414634, "height": 16.585365853658537, "rotation": 0, "rectanglelabels": ["blueberry"], "original_width": 3024, "original_height": 4032}, {"x": 55.284552845528445, "y": 39.83739837398374, "width": 17.344173441734416, "height": 15.121951219512194, "rotation": 0, "rectanglelabels": ["blueberry"], "original_width": 3024, "original_height": 4032}],66,1,2023-03-13T15:46:42.556503Z,2023-03-13T15:46:42.556503Z,9.099,/data/upload/5/4cc23a3d-20230228_191449.jpg,62
[{"x": 26.2330623306233, "y": 44.552845528455286, "width": 20.813008130081297, "height": 15.284552845528456, "rotation": 0, "rectanglelabels": ["blueberry"], "original_width": 3024, "original_height": 4032}, {"x": 60.70460704607045, "y": 44.22764227642276, "width": 15.392953929539294, "height": 12.195121951219512, "rotation": 0, "rectanglelabels": ["blueberry"], "original_width": 3024, "original_height": 4032}],67,1,2023-03-13T15:46:52.055186Z,2023-03-13T15:46:52.055186Z,7.776,/data/upload/5/4861ac66-20230228_191456.jpg,63
[{"x": 23.63143631436314, "y": 42.276422764227654, "width": 22.9810298102981, "height": 16.422764227642276, "rotation": 0, "rectanglelabels": ["blueberry"], "original_width": 3024, "original_height": 4032}, {"x": 58.75338753387533, "y": 42.4390243902439, "width": 16.260162601626014, "height": 12.195121951219512, "rotation": 0, "rectanglelabels": ["blueberry"], "original_width": 3024, "original_height": 4032}],68,1,2023-03-13T15:47:01.322043Z,2023-03-13T15:47:01.322043Z,7.019,/data/upload/5/7c626ad9-20230228_191500.jpg,64
[{"x": 12.57452574525745, "y": 31.382113821138212, "width": 24.28184281842818, "height": 20.16260162601626, "rotation": 0, "rectanglelabels": ["blueberry"], "original_width": 3024, "original_height": 4032}, {"x": 58.319783197831974, "y": 33.00813008130081, "width": 18.428184281842817, "height": 15.772357723577235, "rotation": 0, "rectanglelabels": ["blueberry"], "original_width": 3024, "original_height": 4032}],69,1,2023-03-13T15:47:12.511281Z,2023-03-13T15:47:12.511281Z,9.231,/data/upload/5/4847d68e-20230228_191506.jpg,65
[{"x": 9.539295392953928, "y": 33.65853658536586, "width": 26.016260162601622, "height": 17.398373983739837, "rotation": 0, "rectanglelabels": ["blueberry"], "original_width": 3024, "original_height": 4032}, {"x": 61.355013550135496, "y": 36.09756097560975, "width": 17.994579945799455, "height": 14.959349593495935, "rotation": 0, "rectanglelabels": ["blueberry"], "original_width": 3024, "original_height": 4032}],70,1,2023-03-13T15:47:24.143208Z,2023-03-13T15:47:24.143208Z,9.221,/data/upload/5/6ce7e6c9-20230228_191513.jpg,66
[{"x": 7.154471544715446, "y": 32.6829268292683, "width": 22.33062330623306, "height": 16.910569105691057, "rotation": 0, "rectanglelabels": ["blueberry"], "original_width": 3024, "original_height": 4032}, {"x": 75.6639566395664, "y": 36.09756097560975, "width": 19.512195121951216, "height": 16.910569105691057, "rotation": 0, "rectanglelabels": ["blueberry"], "original_width": 3024, "original_height": 4032}],71,1,2023-03-13T15:47:37.344999Z,2023-03-13T15:47:37.344999Z,9.469,/data/upload/5/162f465a-20230228_191527.jpg,67
[{"x": 21.68021680216802, "y": 19.349593495934958, "width": 56.15176151761517, "height": 42.11382113821139, "rotation": 0, "rectanglelabels": ["green apple"], "original_width": 3024, "original_height": 4032}],72,1,2023-03-13T15:47:46.677340Z,2023-03-13T15:47:46.677340Z,6.665,/data/upload/5/594ef745-20230228_184632.jpg,68
[{"x": 15.176151761517612, "y": 14.959349593495935, "width": 61.355013550135496, "height": 45.040650406504064, "rotation": 0, "rectanglelabels": ["green apple"], "original_width": 3024, "original_height": 4032}],73,1,2023-03-13T15:48:01.630935Z,2023-03-13T15:48:01.630935Z,13.239,/data/upload/5/0c7e36a7-20230228_184638.jpg,69
[{"x": 18.211382113821134, "y": 21.138211382113827, "width": 57.66937669376693, "height": 40.65040650406504, "rotation": 0, "rectanglelabels": ["green apple"], "original_width": 3024, "original_height": 4032}],74,1,2023-03-13T15:48:15.513228Z,2023-03-13T15:48:15.513228Z,11.768,/data/upload/5/def33a53-20230228_184646.jpg,70
[{"x": 16.91056910569106, "y": 21.30081300813008, "width": 62.222222222222214, "height": 39.51219512195122, "rotation": 0, "rectanglelabels": ["green apple"], "original_width": 3024, "original_height": 4032}],75,1,2023-03-13T15:48:29.732521Z,2023-03-13T15:48:29.732521Z,11.198,/data/upload/5/763f0a8c-20230228_184650.jpg,71
[{"x": 12.791327913279133, "y": 26.341463414634152, "width": 61.138211382113816, "height": 40.487804878048784, "rotation": 0, "rectanglelabels": ["green apple"], "original_width": 3024, "original_height": 4032}],76,1,2023-03-13T15:48:44.456586Z,2023-03-13T15:48:44.456586Z,11.519,/data/upload/5/3e2a13cb-20230228_184653.jpg,72
[{"x": 22.33062330623306, "y": 28.130081300813007, "width": 63.73983739837398, "height": 42.4390243902439, "rotation": 0, "rectanglelabels": ["green apple"], "original_width": 3024, "original_height": 4032}],77,1,2023-03-13T15:48:57.812124Z,2023-03-13T15:48:57.812124Z,8.345,/data/upload/5/ec87b8e8-20230228_184658.jpg,73
[{"x": 18.211382113821134, "y": 22.439024390243908, "width": 58.75338753387533, "height": 40, "rotation": 0, "rectanglelabels": ["green apple"], "original_width": 3024, "original_height": 4032}],78,1,2023-03-13T15:49:11.869590Z,2023-03-13T15:49:11.869590Z,11.067,/data/upload/5/5a9a0e92-20230228_184703.jpg,74
[{"x": 19.512195121951216, "y": 19.024390243902438, "width": 63.306233062330634, "height": 42.4390243902439, "rotation": 0, "rectanglelabels": ["green apple"], "original_width": 3024, "original_height": 4032}],79,1,2023-03-13T15:49:34.684820Z,2023-03-13T15:49:34.684820Z,19.34,/data/upload/5/c10425d4-20230228_184707.jpg,75
[{"x": 18.211382113821134, "y": 31.54471544715447, "width": 53.33333333333332, "height": 34.146341463414636, "rotation": 0, "rectanglelabels": ["green apple"], "original_width": 3024, "original_height": 4032}],80,1,2023-03-13T15:50:08.821284Z,2023-03-13T15:50:08.821284Z,31.519,/data/upload/5/390adecb-20230228_184715.jpg,76
[{"x": 22.9810298102981, "y": 23.252032520325198, "width": 47.91327913279132, "height": 32.84552845528455, "rotation": 0, "rectanglelabels": ["green apple"], "original_width": 3024, "original_height": 4032}],81,1,2023-03-13T15:50:21.437854Z,2023-03-13T15:50:21.437854Z,8.939,/data/upload/5/7c30b02b-20230228_184719.jpg,77
[{"x": 23.41463414634146, "y": 25.691056910569106, "width": 52.899728997289955, "height": 35.609756097560975, "rotation": 0, "rectanglelabels": ["green apple"], "original_width": 3024, "original_height": 4032}],82,1,2023-03-13T15:50:37.797581Z,2023-03-13T15:50:37.797581Z,12.898,/data/upload/5/f2571272-20230228_184722.jpg,78
[{"x": 26.2330623306233, "y": 25.04065040650407, "width": 47.26287262872628, "height": 35.28455284552845, "rotation": 0, "rectanglelabels": ["green apple"], "original_width": 3024, "original_height": 4032}],83,1,2023-03-13T15:50:56.253157Z,2023-03-13T15:50:56.253157Z,16.204,/data/upload/5/bdde1b29-20230228_184726.jpg,79
[{"x": 24.28184281842818, "y": 30.081300813008134, "width": 47.91327913279132, "height": 32.84552845528455, "rotation": 0, "rectanglelabels": ["green apple"], "original_width": 3024, "original_height": 4032}],84,1,2023-03-13T15:51:08.881423Z,2023-03-13T15:51:08.881423Z,9.544,/data/upload/5/5df6de8f-20230228_184731.jpg,80
[{"x": 23.41463414634146, "y": 25.691056910569106, "width": 47.04607046070461, "height": 33.983739837398375, "rotation": 0, "rectanglelabels": ["green apple"], "original_width": 3024, "original_height": 4032}],85,1,2023-03-13T15:51:20.337687Z,2023-03-13T15:51:20.337687Z,9.507,/data/upload/5/e9fb7753-20230228_184745.jpg,81
[{"x": 14.308943089430892, "y": 20.975609756097562, "width": 56.36856368563685, "height": 41.46341463414634, "rotation": 0, "rectanglelabels": ["green apple"], "original_width": 3024, "original_height": 4032}],87,1,2023-03-13T15:52:09.723255Z,2023-03-13T15:52:09.723255Z,16.328,/data/upload/5/35f7c006-photo_7380747405379547850.jpg,82
[{"x": 22.76422764227642, "y": 30.73170731707317, "width": 52.24932249322492, "height": 39.34959349593496, "rotation": 0, "rectanglelabels": ["lemon"], "original_width": 3024, "original_height": 4032}],88,1,2023-03-13T15:52:24.326894Z,2023-03-13T15:52:24.326894Z,12.189,/data/upload/5/473a7be2-20230228_175239.jpg,83
[{"x": 17.560975609756095, "y": 27.15447154471545, "width": 65.47425474254742, "height": 38.3739837398374, "rotation": 0, "rectanglelabels": ["lemon"], "original_width": 3024, "original_height": 4032}],89,1,2023-03-13T15:52:34.944992Z,2023-03-13T15:52:34.944992Z,8.258,/data/upload/5/d374bd35-20230228_175244.jpg,84
[{"x": 22.9810298102981, "y": 17.398373983739837, "width": 58.97018970189701, "height": 47.15447154471545, "rotation": 0, "rectanglelabels": ["lemon"], "original_width": 3024, "original_height": 4032}],90,1,2023-03-13T15:52:45.612284Z,2023-03-13T15:52:45.612284Z,8.587,/data/upload/5/a7185dfe-20230228_175251.jpg,85
[{"x": 16.260162601626014, "y": 24.878048780487806, "width": 66.55826558265582, "height": 38.699186991869915, "rotation": 0, "rectanglelabels": ["lemon"], "original_width": 3024, "original_height": 4032}],91,1,2023-03-13T15:52:58.594921Z,2023-03-13T15:52:58.594921Z,6.725,/data/upload/5/53da3329-20230228_175258.jpg,86
[{"x": 15.392953929539294, "y": 14.14634146341463, "width": 52.899728997289955, "height": 44.552845528455286, "rotation": 0, "rectanglelabels": ["lemon"], "original_width": 3024, "original_height": 4032}],92,1,2023-03-13T15:53:22.526571Z,2023-03-13T15:53:22.526571Z,20.991,/data/upload/5/876b82d2-20230228_175304.jpg,87
[{"x": 17.12737127371274, "y": 16.097560975609756, "width": 60.48780487804877, "height": 46.34146341463415, "rotation": 0, "rectanglelabels": ["lemon"], "original_width": 3024, "original_height": 4032}],93,1,2023-03-13T15:53:33.848080Z,2023-03-13T15:53:33.848080Z,7.244,/data/upload/5/cfed3949-20230228_175315.jpg,88
[{"x": 23.63143631436314, "y": 28.130081300813007, "width": 57.23577235772357, "height": 30.56910569105691, "rotation": 0, "rectanglelabels": ["lemon"], "original_width": 3024, "original_height": 4032}],94,1,2023-03-13T15:53:41.538823Z,2023-03-13T15:53:41.538823Z,5.202,/data/upload/5/28b1c897-20230228_175627.jpg,89
[{"x": 20.596205962059617, "y": 17.560975609756095, "width": 63.5230352303523, "height": 49.26829268292683, "rotation": 0, "rectanglelabels": ["lemon"], "original_width": 3024, "original_height": 4032}],95,1,2023-03-13T15:53:50.821888Z,2023-03-13T15:53:50.821888Z,7.601,/data/upload/5/3724d8ed-20230228_175631.jpg,90
[{"x": 18.211382113821134, "y": 25.365853658536587, "width": 59.40379403794037, "height": 37.72357723577236, "rotation": 0, "rectanglelabels": ["lemon"], "original_width": 3024, "original_height": 4032}],96,1,2023-03-13T15:54:06.924042Z,2023-03-13T15:54:06.924042Z,13.668,/data/upload/5/c1732941-20230228_175634.jpg,91
[{"x": 20.162601626016258, "y": 28.943089430894307, "width": 62.655826558265574, "height": 39.02439024390244, "rotation": 0, "rectanglelabels": ["lemon"], "original_width": 3024, "original_height": 4032}],97,1,2023-03-13T15:54:19.257512Z,2023-03-13T15:54:19.257512Z,10.508,/data/upload/5/7a378435-20230228_175639.jpg,92
[{"x": 23.63143631436314, "y": 18.536585365853657, "width": 55.93495934959349, "height": 40.32520325203252, "rotation": 0, "rectanglelabels": ["lemon"], "original_width": 3024, "original_height": 4032}],98,1,2023-03-13T15:54:26.390646Z,2023-03-13T15:54:26.390646Z,4.711,/data/upload/5/15d36922-20230228_175644.jpg,93
[{"x": 21.46341463414634, "y": 17.398373983739837, "width": 50.51490514905148, "height": 36.422764227642276, "rotation": 0, "rectanglelabels": ["lemon"], "original_width": 3024, "original_height": 4032}],99,1,2023-03-13T15:54:34.586379Z,2023-03-13T15:54:34.586379Z,5.987,/data/upload/5/ab06c4bc-20230228_175659.jpg,94
[{"x": 15.826558265582658, "y": 21.463414634146343, "width": 62.439024390243894, "height": 44.390243902439025, "rotation": 0, "rectanglelabels": ["lemon"], "original_width": 3024, "original_height": 4032}],100,1,2023-03-13T15:54:43.297947Z,2023-03-13T15:54:43.297947Z,7.261,/data/upload/5/0f843c2a-20230228_175703.jpg,95
[{"x": 23.19783197831978, "y": 12.032520325203253, "width": 53.98373983739837, "height": 51.54471544715447, "rotation": 0, "rectanglelabels": ["lemon"], "original_width": 3024, "original_height": 4032}],101,1,2023-03-13T15:54:51.545389Z,2023-03-13T15:54:51.545389Z,6.473,/data/upload/5/dbfd81ec-20230228_175705.jpg,96
[{"x": 17.777777777777775, "y": 29.26829268292683, "width": 63.95663956639566, "height": 43.902439024390254, "rotation": 0, "rectanglelabels": ["lemon"], "original_width": 3024, "original_height": 4032}],102,1,2023-03-13T15:54:59.996277Z,2023-03-13T15:54:59.996277Z,6.525,/data/upload/5/97181bfb-photo_4243562071780604479.jpg,97
[{"x": 22.9810298102981, "y": 22.764227642276417, "width": 44.444444444444436, "height": 54.146341463414636, "rotation": 0, "rectanglelabels": ["passionfruit"], "original_width": 3024, "original_height": 4032}],103,1,2023-03-13T15:55:11.981750Z,2023-03-13T15:55:11.981750Z,9.581,/data/upload/5/7902baca-20230228_185551.jpg,98
[{"x": 27.100271002710024, "y": 12.520325203252035, "width": 39.24119241192412, "height": 49.26829268292683, "rotation": 0, "rectanglelabels": ["passionfruit"], "original_width": 3024, "original_height": 4032}],104,1,2023-03-13T15:55:23.130962Z,2023-03-13T15:55:23.130962Z,9.371,/data/upload/5/10729ce6-20230228_185555.jpg,99
[{"x": 15.392953929539294, "y": 32.19512195121951, "width": 78.04878048780486, "height": 33.983739837398375, "rotation": 0, "rectanglelabels": ["passionfruit"], "original_width": 3024, "original_height": 4032}],105,1,2023-03-13T15:55:31.585193Z,2023-03-13T15:55:31.585193Z,6.711,/data/upload/5/12fcdf45-20230228_185558.jpg,100
[{"x": 4.986449864498645, "y": 30.40650406504065, "width": 70.02710027100272, "height": 32.6829268292683, "rotation": 0, "rectanglelabels": ["passionfruit"], "original_width": 3024, "original_height": 4032}],106,1,2023-03-13T15:55:42.226783Z,2023-03-13T15:55:42.226783Z,8.513,/data/upload/5/bb105f70-20230228_185605.jpg,101
[{"x": 26.016260162601622, "y": 21.463414634146343, "width": 40.758807588075875, "height": 38.86178861788618, "rotation": 0, "rectanglelabels": ["passionfruit"], "original_width": 3024, "original_height": 4032}],107,1,2023-03-13T15:55:51.111636Z,2023-03-13T15:55:51.111636Z,6.6,/data/upload/5/23c247f8-20230228_185616.jpg,102
[{"x": 25.799457994579946, "y": 31.056910569105693, "width": 42.27642276422764, "height": 50.24390243902439, "rotation": 0, "rectanglelabels": ["passionfruit"], "original_width": 3024, "original_height": 4032}],108,1,2023-03-13T15:55:58.888846Z,2023-03-13T15:55:58.888846Z,5.679,/data/upload/5/f4bfeb70-20230228_185620.jpg,103
[{"x": 22.33062330623306, "y": 22.601626016260163, "width": 47.91327913279132, "height": 34.47154471544715, "rotation": 0, "rectanglelabels": ["passionfruit"], "original_width": 3024, "original_height": 4032}],109,1,2023-03-13T15:56:07.950752Z,2023-03-13T15:56:07.950752Z,6.138,/data/upload/5/9891e334-20230228_185630.jpg,104
[{"x": 19.078590785907856, "y": 23.902439024390244, "width": 50.94850948509484, "height": 35.609756097560975, "rotation": 0, "rectanglelabels": ["passionfruit"], "original_width": 3024, "original_height": 4032}],110,1,2023-03-13T15:56:34.115389Z,2023-03-13T15:56:34.115389Z,24.107,/data/upload/5/639a374e-20230228_185633.jpg,105
[{"x": 13.441734417344172, "y": 31.21951219512195, "width": 50.08130081300813, "height": 35.28455284552845, "rotation": 0, "rectanglelabels": ["passionfruit"], "original_width": 3024, "original_height": 4032}],111,1,2023-03-13T15:56:45.933710Z,2023-03-13T15:56:45.933710Z,9.344,/data/upload/5/6dbf5524-20230228_185637.jpg,106
[{"x": 17.12737127371274, "y": 19.67479674796748, "width": 52.899728997289955, "height": 39.83739837398374, "rotation": 0, "rectanglelabels": ["passionfruit"], "original_width": 3024, "original_height": 4032}],112,1,2023-03-13T15:56:53.305668Z,2023-03-13T15:56:53.305668Z,5.021,/data/upload/5/f0fe66fa-20230228_185640.jpg,107
[{"x": 21.029810298102973, "y": 23.577235772357724, "width": 48.99728997289972, "height": 33.4959349593496, "rotation": 0, "rectanglelabels": ["passionfruit"], "original_width": 3024, "original_height": 4032}],113,1,2023-03-13T15:57:01.829397Z,2023-03-13T15:57:01.829397Z,6.759,/data/upload/5/d0639a33-20230228_185644.jpg,108
[{"x": 23.848238482384822, "y": 23.252032520325198, "width": 47.04607046070461, "height": 32.6829268292683, "rotation": 0, "rectanglelabels": ["passionfruit"], "original_width": 3024, "original_height": 4032}],114,1,2023-03-13T15:57:12.425656Z,2023-03-13T15:57:12.425656Z,8.304,/data/upload/5/214b1d5c-20230228_185649.jpg,109
[{"x": 21.8970189701897, "y": 27.804878048780495, "width": 46.17886178861788, "height": 34.30894308943089, "rotation": 0, "rectanglelabels": ["passionfruit"], "original_width": 3024, "original_height": 4032}],115,1,2023-03-13T15:57:23.569187Z,2023-03-13T15:57:23.569187Z,8.962,/data/upload/5/6c61c9cb-20230228_185700.jpg,110
[{"x": 17.560975609756095, "y": 17.398373983739837, "width": 51.38211382113821, "height": 36.91056910569105, "rotation": 0, "rectanglelabels": ["passionfruit"], "original_width": 3024, "original_height": 4032}],116,1,2023-03-13T15:57:32.569617Z,2023-03-13T15:57:32.569617Z,7.158,/data/upload/5/986df8b6-20230228_185704.jpg,111
[{"x": 21.46341463414634, "y": 24.715447154471544, "width": 49.2140921409214, "height": 35.28455284552845, "rotation": 0, "rectanglelabels": ["passionfruit"], "original_width": 3024, "original_height": 4032}],117,1,2023-03-13T15:57:42.976254Z,2023-03-13T15:57:42.976254Z,7.019,/data/upload/5/0cc9689e-20230228_185735.jpg,112
[{"x": 19.512195121951216, "y": 20.16260162601626, "width": 49.43089430894309, "height": 40.8130081300813, "rotation": 0, "rectanglelabels": ["passionfruit"], "original_width": 3024, "original_height": 4032}],118,1,2023-03-13T15:57:53.614903Z,2023-03-13T15:57:53.614903Z,8.479,/data/upload/5/cf688437-20230228_185806.jpg,113
[{"x": 16.91056910569106, "y": 20.650406504065042, "width": 48.99728997289972, "height": 43.73983739837397, "rotation": 0, "rectanglelabels": ["passionfruit"], "original_width": 3024, "original_height": 4032}],119,1,2023-03-13T15:58:04.389403Z,2023-03-13T15:58:04.389403Z,9.006,/data/upload/5/91f864ab-20230228_185820.jpg,114
[{"x": 21.8970189701897, "y": 21.951219512195127, "width": 51.16531165311653, "height": 34.146341463414636, "rotation": 0, "rectanglelabels": ["passionfruit"], "original_width": 3024, "original_height": 4032}],120,1,2023-03-13T15:58:14.759522Z,2023-03-13T15:58:14.759522Z,7.222,/data/upload/5/74e0140c-20230228_185835_1.jpg,115
[{"x": 22.54742547425474, "y": 21.138211382113827, "width": 48.78048780487804, "height": 34.959349593495936, "rotation": 0, "rectanglelabels": ["passionfruit"], "original_width": 3024, "original_height": 4032}],121,1,2023-03-13T15:58:27.108333Z,2023-03-13T15:58:27.108333Z,10.777,/data/upload/5/f6c123f6-20230228_185835.jpg,116
[{"x": 24.49864498644986, "y": 22.764227642276417, "width": 42.710027100271, "height": 36.7479674796748, "rotation": 0, "rectanglelabels": ["passionfruit"], "original_width": 3024, "original_height": 4032}],122,1,2023-03-13T15:58:36.107127Z,2023-03-13T15:58:36.107127Z,6.769,/data/upload/5/25f90644-20230228_185838.jpg,117
[{"x": 25.1490514905149, "y": 26.666666666666668, "width": 44.227642276422756, "height": 33.65853658536586, "rotation": 0, "rectanglelabels": ["passionfruit"], "original_width": 3024, "original_height": 4032}],123,1,2023-03-13T15:58:45.781147Z,2023-03-13T15:58:45.781147Z,7.785,/data/upload/5/b1b4ed28-20230228_185924.jpg,118
[{"x": 18.644986449864493, "y": 25.52845528455285, "width": 54.20054200542005, "height": 36.58536585365854, "rotation": 0, "rectanglelabels": ["passionfruit"], "original_width": 3024, "original_height": 4032}],124,1,2023-03-13T15:58:57.205178Z,2023-03-13T15:58:57.205178Z,8.685,/data/upload/5/5fbd2aa9-20230228_185931.jpg,119
[{"x": 20.379403794037938, "y": 23.902439024390244, "width": 49.2140921409214, "height": 37.235772357723576, "rotation": 0, "rectanglelabels": ["passionfruit"], "original_width": 3024, "original_height": 4032}],125,1,2023-03-13T15:59:05.783791Z,2023-03-13T15:59:05.783791Z,6.814,/data/upload/5/9422e84c-20230228_185937.jpg,120
[{"x": 21.029810298102973, "y": 23.41463414634147, "width": 44.227642276422756, "height": 35.77235772357724, "rotation": 0, "rectanglelabels": ["passionfruit"], "original_width": 3024, "original_height": 4032}],126,1,2023-03-13T15:59:39.922114Z,2023-03-13T15:59:39.922114Z,7.336,/data/upload/5/43fcb11e-20230228_185943.jpg,121
[{"x": 6.5040650406504055, "y": 19.1869918699187, "width": 33.60433604336042, "height": 24.715447154471544, "rotation": 0, "rectanglelabels": ["passionfruit"], "original_width": 3024, "original_height": 4032}, {"x": 28.61870873451276, "y": 43.902439024390176, "width": 33.81925808417978, "height": 25.365853658536537, "rotation": 0, "rectanglelabels": ["passionfruit"], "original_width": 3024, "original_height": 4032}, {"x": 47.696476964769644, "y": 14.14634146341463, "width": 50.08130081300813, "height": 26.178861788617887, "rotation": 0, "rectanglelabels": ["passionfruit"], "original_width": 3024, "original_height": 4032}],127,1,2023-03-13T16:01:58.002092Z,2023-03-13T16:01:58.002092Z,136.001,/data/upload/5/53fe2dd8-20230228_185953.jpg,122
[{"x": 0.2168021680216802, "y": 22.276422764227643, "width": 36.2059620596206, "height": 26.666666666666668, "rotation": 0, "rectanglelabels": ["passionfruit"], "original_width": 3024, "original_height": 4032}, {"x": 40.542005420054195, "y": 42.4390243902439, "width": 35.98915989159891, "height": 25.691056910569106, "rotation": 0, "rectanglelabels": ["passionfruit"], "original_width": 3024, "original_height": 4032}, {"x": 42.27642276422764, "y": 8.292682926829269, "width": 54.634146341463406, "height": 25.04065040650407, "rotation": 0, "rectanglelabels": ["passionfruit"], "original_width": 3024, "original_height": 4032}],128,1,2023-03-13T16:02:21.821880Z,2023-03-13T16:02:21.821880Z,21.556,/data/upload/5/519735fc-20230228_190008.jpg,123
[{"x": 0.2168021680216802, "y": 15.609756097560975, "width": 34.68834688346883, "height": 29.91869918699187, "rotation": 0, "rectanglelabels": ["passionfruit"], "original_width": 3024, "original_height": 4032}, {"x": 38.80758807588077, "y": 36.422764227642276, "width": 35.33875338753386, "height": 29.268292682926834, "rotation": 0, "rectanglelabels": ["passionfruit"], "original_width": 3024, "original_height": 4032}, {"x": 51.81325049022846, "y": 1.9512195121951228, "width": 33.39000154229176, "height": 34.959349593495936, "rotation": 0, "rectanglelabels": ["passionfruit"], "original_width": 3024, "original_height": 4032}],129,1,2023-03-13T16:03:23.613373Z,2023-03-13T16:03:23.613373Z,59.335,/data/upload/5/d453fd7f-20230228_190019.jpg,124
[{"x": 35.33875338753387, "y": 36.91056910569105, "width": 24.28184281842818, "height": 19.024390243902438, "rotation": 0, "rectanglelabels": ["raspberry"], "original_width": 3024, "original_height": 4032}],130,1,2023-03-13T16:03:34.822707Z,2023-03-13T16:03:34.822707Z,9.283,/data/upload/5/6f32afe0-20230228_190240.jpg,125
[{"x": 31.86991869918699, "y": 30.24390243902439, "width": 26.016260162601622, "height": 19.1869918699187, "rotation": 0, "rectanglelabels": ["raspberry"], "original_width": 3024, "original_height": 4032}],131,1,2023-03-13T16:03:43.668869Z,2023-03-13T16:03:43.668869Z,7.156,/data/upload/5/af1313ac-20230228_190243.jpg,126
[{"x": 30.135501355013545, "y": 26.5040650406504, "width": 29.268292682926827, "height": 21.788617886178862, "rotation": 0, "rectanglelabels": ["raspberry"], "original_width": 3024, "original_height": 4032}],132,1,2023-03-13T16:03:50.289966Z,2023-03-13T16:03:50.289966Z,5.164,/data/upload/5/c7934ca0-20230228_190247.jpg,127
[{"x": 37.506775067750674, "y": 36.7479674796748, "width": 26.883468834688344, "height": 18.536585365853657, "rotation": 0, "rectanglelabels": ["raspberry"], "original_width": 3024, "original_height": 4032}],133,1,2023-03-13T16:03:58.105138Z,2023-03-13T16:03:58.105138Z,5.53,/data/upload/5/ed766959-20230228_190254.jpg,128
[{"x": 42.059620596205946, "y": 32.84552845528455, "width": 26.449864498644978, "height": 20.48780487804878, "rotation": 0, "rectanglelabels": ["raspberry"], "original_width": 3024, "original_height": 4032}],134,1,2023-03-13T16:04:09.418834Z,2023-03-13T16:04:09.418834Z,9.597,/data/upload/5/e06b16c7-20230228_190301.jpg,129
[{"x": 40.542005420054195, "y": 43.902439024390254, "width": 26.2330623306233, "height": 17.88617886178862, "rotation": 0, "rectanglelabels": ["raspberry"], "original_width": 3024, "original_height": 4032}],135,1,2023-03-13T16:04:17.367552Z,2023-03-13T16:04:17.367552Z,6.179,/data/upload/5/feef7779-20230228_190307.jpg,130
[{"x": 41.84281842818427, "y": 35.12195121951219, "width": 26.016260162601622, "height": 18.69918699186992, "rotation": 0, "rectanglelabels": ["raspberry"], "original_width": 3024, "original_height": 4032}],136,1,2023-03-13T16:04:24.258870Z,2023-03-13T16:04:24.258870Z,4.706,/data/upload/5/424991b5-20230228_190312.jpg,131
[{"x": 31.43631436314362, "y": 26.666666666666668, "width": 28.184281842818425, "height": 19.67479674796748, "rotation": 0, "rectanglelabels": ["raspberry"], "original_width": 3024, "original_height": 4032}],137,1,2023-03-13T16:04:30.556868Z,2023-03-13T16:04:30.556868Z,4.268,/data/upload/5/3cbc6c76-20230228_190327.jpg,132
[{"x": 28.184281842818425, "y": 31.056910569105693, "width": 24.715447154471544, "height": 20.16260162601626, "rotation": 0, "rectanglelabels": ["raspberry"], "original_width": 3024, "original_height": 4032}],138,1,2023-03-13T16:04:36.685375Z,2023-03-13T16:04:36.685375Z,4.043,/data/upload/5/a0c66f5d-20230228_190337.jpg,133
[{"x": 40.758807588075875, "y": 38.699186991869915, "width": 22.76422764227642, "height": 18.86178861788618, "rotation": 0, "rectanglelabels": ["raspberry"], "original_width": 3024, "original_height": 4032}],139,1,2023-03-13T16:04:43.160753Z,2023-03-13T16:04:43.160753Z,4.286,/data/upload/5/79789bb9-20230228_190346.jpg,134
[{"x": 36.20596205962061, "y": 32.03252032520324, "width": 25.582655826558277, "height": 18.211382113821152, "rotation": 0, "rectanglelabels": ["raspberry"], "original_width": 3024, "original_height": 4032}],140,1,2023-03-13T16:04:52.103037Z,2023-03-13T16:04:52.103037Z,7.509,/data/upload/5/03e11f34-20230228_190356.jpg,135
[{"x": 35.98915989159891, "y": 30.081300813008134, "width": 26.449864498644978, "height": 18.048780487804876, "rotation": 0, "rectanglelabels": ["raspberry"], "original_width": 3024, "original_height": 4032}],141,1,2023-03-13T16:04:59.480799Z,2023-03-13T16:04:59.480799Z,4.915,/data/upload/5/2d30fbd7-20230228_190403.jpg,136
[{"x": 37.50395487694707, "y": 26.17886178861782, "width": 22.768340420531544, "height": 16.910569105691028, "rotation": 0, "rectanglelabels": ["raspberry"], "original_width": 3024, "original_height": 4032}],142,1,2023-03-13T16:05:19.983896Z,2023-03-13T16:05:19.983896Z,18.909,/data/upload/5/7ffd0a8f-20230228_190410.jpg,137
[{"x": 39.45799457994578, "y": 33.983739837398375, "width": 27.317073170731703, "height": 19.51219512195122, "rotation": 0, "rectanglelabels": ["raspberry"], "original_width": 3024, "original_height": 4032}],143,1,2023-03-13T16:05:27.102012Z,2023-03-13T16:05:27.102012Z,5.395,/data/upload/5/e2f0d7d9-20230228_190416.jpg,138
[{"x": 39.02439024390243, "y": 39.02439024390244, "width": 24.49864498644986, "height": 20.48780487804878, "rotation": 0, "rectanglelabels": ["raspberry"], "original_width": 3024, "original_height": 4032}],144,1,2023-03-13T16:05:34.156651Z,2023-03-13T16:05:34.156651Z,5.032,/data/upload/5/ada0681d-20230228_190421.jpg,139
[{"x": 26.2330623306233, "y": 40.487804878048784, "width": 25.36585365853658, "height": 19.83739837398374, "rotation": 0, "rectanglelabels": ["raspberry"], "original_width": 3024, "original_height": 4032}],145,1,2023-03-13T16:05:41.219356Z,2023-03-13T16:05:41.219356Z,4.682,/data/upload/5/8c2531d7-20230228_190428.jpg,140
[{"x": 72.84552845528454, "y": 45.36585365853659, "width": 19.512195121951216, "height": 15.284552845528456, "rotation": 0, "rectanglelabels": ["raspberry"], "original_width": 3024, "original_height": 4032}, {"x": 41.409214092140914, "y": 24.065040650406505, "width": 16.69376693766937, "height": 13.333333333333334, "rotation": 0, "rectanglelabels": ["raspberry"], "original_width": 3024, "original_height": 4032}, {"x": 7.588075880758806, "y": 13.658536585365853, "width": 16.260162601626014, "height": 13.008130081300816, "rotation": 0, "rectanglelabels": ["raspberry"], "original_width": 3024, "original_height": 4032}],146,1,2023-03-13T16:05:55.797671Z,2023-03-13T16:05:55.797671Z,12.783,/data/upload/5/621ac47c-20230228_190444.jpg,141
[{"x": 60.48780487804877, "y": 35.9349593495935, "width": 20.162601626016258, "height": 14.634146341463415, "rotation": 0, "rectanglelabels": ["raspberry"], "original_width": 3024, "original_height": 4032}, {"x": 40.108401084010836, "y": 24.065040650406505, "width": 18.861788617886177, "height": 15.121951219512194, "rotation": 0, "rectanglelabels": ["raspberry"], "original_width": 3024, "original_height": 4032}, {"x": 15.176151761517612, "y": 27.15447154471545, "width": 18.861788617886177, "height": 14.796747967479678, "rotation": 0, "rectanglelabels": ["raspberry"], "original_width": 3024, "original_height": 4032}],147,1,2023-03-13T16:06:13.030707Z,2023-03-13T16:06:13.030707Z,15.443,/data/upload/5/6e8c8914-20230228_190453.jpg,142
[{"x": 8.45528455284553, "y": 31.70731707317073, "width": 21.24661246612466, "height": 16.260162601626014, "rotation": 0, "rectanglelabels": ["raspberry"], "original_width": 3024, "original_height": 4032}, {"x": 34.25474254742548, "y": 26.016260162601633, "width": 19.078590785907856, "height": 13.49593495934959, "rotation": 0, "rectanglelabels": ["raspberry"], "original_width": 3024, "original_height": 4032}, {"x": 58.75338753387533, "y": 38.53658536585366, "width": 21.46341463414634, "height": 15.772357723577235, "rotation": 0, "rectanglelabels": ["raspberry"], "original_width": 3024, "original_height": 4032}],148,1,2023-03-13T16:06:30.036951Z,2023-03-13T16:06:30.036951Z,14.982,/data/upload/5/2970aa09-20230228_190458.jpg,143
[{"x": 63.95663956639566, "y": 36.422764227642276, "width": 21.68021680216802, "height": 16.422764227642276, "rotation": 0, "rectanglelabels": ["raspberry"], "original_width": 3024, "original_height": 4032}, {"x": 37.28997289972899, "y": 25.691056910569106, "width": 20.379403794037938, "height": 14.14634146341463, "rotation": 0, "rectanglelabels": ["raspberry"], "original_width": 3024, "original_height": 4032}, {"x": 13.441734417344172, "y": 30.24390243902439, "width": 19.512195121951216, "height": 14.634146341463415, "rotation": 0, "rectanglelabels": ["raspberry"], "original_width": 3024, "original_height": 4032}],149,1,2023-03-13T16:06:47.215829Z,2023-03-13T16:06:47.215829Z,14.943,/data/upload/5/da71dde5-20230228_190504.jpg,144
[{"x": 18.211382113821134, "y": 20.32520325203252, "width": 54.634146341463406, "height": 39.1869918699187, "rotation": 0, "rectanglelabels": ["red apple"], "original_width": 3024, "original_height": 4032}],150,1,2023-03-13T16:07:01.556579Z,2023-03-13T16:07:01.556579Z,11.858,/data/upload/5/60a6e343-20230228_184952.jpg,145
[{"x": 22.9810298102981, "y": 22.276422764227643, "width": 54.850948509485086, "height": 42.76422764227641, "rotation": 0, "rectanglelabels": ["red apple"], "original_width": 3024, "original_height": 4032}],151,1,2023-03-13T16:07:10.738937Z,2023-03-13T16:07:10.738937Z,7.406,/data/upload/5/35dbe531-20230228_184955.jpg,146
[{"x": 17.344173441734416, "y": 21.138211382113827, "width": 60.70460704607045, "height": 46.17886178861789, "rotation": 0, "rectanglelabels": ["red apple"], "original_width": 3024, "original_height": 4032}],152,1,2023-03-13T16:07:20.751558Z,2023-03-13T16:07:20.751558Z,7.878,/data/upload/5/1260a542-20230228_184958.jpg,147
[{"x": 12.791327913279133, "y": 24.227642276422763, "width": 61.788617886178855, "height": 49.10569105691056, "rotation": 0, "rectanglelabels": ["red apple"], "original_width": 3024, "original_height": 4032}],153,1,2023-03-13T16:07:30.791585Z,2023-03-13T16:07:30.791585Z,7.454,/data/upload/5/384a3358-20230228_185003.jpg,148
[{"x": 17.12737127371273, "y": 20.975609756097555, "width": 71.54471544715443, "height": 46.99186991869917, "rotation": 0, "rectanglelabels": ["red apple"], "original_width": 3024, "original_height": 4032}],154,1,2023-03-13T16:07:42.512886Z,2023-03-13T16:07:42.512886Z,9.986,/data/upload/5/7e4e2756-20230228_185007.jpg,149
[{"x": 19.727822210471437, "y": 16.422764227642254, "width": 52.6810467020659, "height": 44.878048780487774, "rotation": 0, "rectanglelabels": ["red apple"], "original_width": 3024, "original_height": 4032}],155,1,2023-03-13T16:08:01.617944Z,2023-03-13T16:08:01.617944Z,15.94,/data/upload/5/d173b2a9-20230228_185012.jpg,150
[{"x": 17.344173441734416, "y": 27.15447154471545, "width": 58.97018970189701, "height": 48.61788617886179, "rotation": 0, "rectanglelabels": ["red apple"], "original_width": 3024, "original_height": 4032}],156,1,2023-03-13T16:08:12.999711Z,2023-03-13T16:08:12.999711Z,8.629,/data/upload/5/177f5387-20230228_185016.jpg,151
[{"x": 18.428184281842817, "y": 28.45528455284553, "width": 59.18699186991869, "height": 44.390243902439025, "rotation": 0, "rectanglelabels": ["red apple"], "original_width": 3024, "original_height": 4032}],157,1,2023-03-13T16:08:23.401861Z,2023-03-13T16:08:23.401861Z,7.727,/data/upload/5/bc153bc5-20230228_185022.jpg,152
[{"x": 16.91056910569106, "y": 26.341463414634152, "width": 65.69105691056912, "height": 50.89430894308942, "rotation": 0, "rectanglelabels": ["red apple"], "original_width": 3024, "original_height": 4032}],158,1,2023-03-13T16:08:32.666051Z,2023-03-13T16:08:32.666051Z,7.485,/data/upload/5/ac77e327-20230228_185025.jpg,153
[{"x": 13.441734417344172, "y": 24.390243902439025, "width": 63.73983739837398, "height": 56.422764227642276, "rotation": 0, "rectanglelabels": ["red apple"], "original_width": 3024, "original_height": 4032}],159,1,2023-03-13T16:08:42.566741Z,2023-03-13T16:08:42.567742Z,7.448,/data/upload/5/00b96126-20230228_185030.jpg,154
[{"x": 18.645809005515513, "y": 15.609756097560973, "width": 51.598915989159885, "height": 43.41463414634145, "rotation": 0, "rectanglelabels": ["red apple"], "original_width": 3024, "original_height": 4032}],160,1,2023-03-13T16:09:00.007199Z,2023-03-13T16:09:00.008196Z,14.258,/data/upload/5/559b5118-20230228_185127.jpg,155
[{"x": 23.84823848238483, "y": 26.341463414634145, "width": 45.745257452574535, "height": 34.47154471544715, "rotation": 0, "rectanglelabels": ["red apple"], "original_width": 3024, "original_height": 4032}],161,1,2023-03-13T16:09:15.193290Z,2023-03-13T16:09:15.193290Z,13.423,/data/upload/5/b1bdc6b5-20230228_185139.jpg,156
[{"x": 18.211382113821134, "y": 25.203252032520325, "width": 50.51490514905148, "height": 35.28455284552845, "rotation": 0, "rectanglelabels": ["red apple"], "original_width": 3024, "original_height": 4032}],162,1,2023-03-13T16:09:29.149282Z,2023-03-13T16:09:29.149282Z,11.825,/data/upload/5/49fc6293-20230228_185143.jpg,157
[{"x": 20.379403794037938, "y": 23.902439024390244, "width": 49.64769647696477, "height": 38.048780487804876, "rotation": 0, "rectanglelabels": ["red apple"], "original_width": 3024, "original_height": 4032}],163,1,2023-03-13T16:09:39.631379Z,2023-03-13T16:09:39.631379Z,8.631,/data/upload/5/27193c80-20230228_185153.jpg,158
[{"x": 16.260162601626014, "y": 22.601626016260163, "width": 54.41734417344173, "height": 44.552845528455286, "rotation": 0, "rectanglelabels": ["red apple"], "original_width": 3024, "original_height": 4032}],164,1,2023-03-13T16:09:50.131564Z,2023-03-13T16:09:50.131564Z,7.877,/data/upload/5/fb2dabbd-20230228_185155.jpg,159
